{"cameraMode":{"drawMode":0,"name":"Shaded","section":"Shading Mode"},"sceneLighting":false,"audioPlay":false,"sceneViewState":{"showFog":true,"showMaterialUpdate":false,"showSkybox":true,"showFlares":true,"showImageEffects":true,"showParticleSystems":true},"in2DMode":false,"pivot":{"x":0.0858001708984375,"y":0.6645592451095581,"z":0.22633346915245057},"rotation":{"x":-0.0589732751250267,"y":0.930978536605835,"z":-0.17404195666313172,"w":-0.31545284390449526},"size":4.038794040679932,"orthographic":false}