{"cameraMode":{"drawMode":0,"name":"Shaded","section":"Shading Mode"},"sceneLighting":false,"audioPlay":false,"sceneViewState":{"showFog":true,"showMaterialUpdate":false,"showSkybox":true,"showFlares":true,"showImageEffects":true,"showParticleSystems":true},"in2DMode":false,"pivot":{"x":1.2304062843322755,"y":-7.714143753051758,"z":3.57454514503479},"rotation":{"x":-0.49105656147003176,"y":-0.004706794396042824,"z":0.0026532846968621017,"w":-0.8711109757423401},"size":14.4729585647583,"orthographic":false}