{"cameraMode":{"drawMode":0,"name":"Shaded","section":"Shading Mode"},"sceneLighting":false,"audioPlay":false,"sceneViewState":{"showFog":true,"showMaterialUpdate":false,"showSkybox":true,"showFlares":true,"showImageEffects":true,"showParticleSystems":true},"in2DMode":false,"pivot":{"x":0.9529775977134705,"y":-5.610931873321533,"z":0.21159756183624268},"rotation":{"x":-0.6708018183708191,"y":-0.0051194606348872189,"z":0.004630675073713064,"w":-0.7416045069694519},"size":17.33870506286621,"orthographic":false}