{"cameraMode":{"drawMode":0,"name":"Shaded","section":"Shading Mode"},"sceneLighting":false,"audioPlay":false,"sceneViewState":{"showFog":true,"showMaterialUpdate":false,"showSkybox":true,"showFlares":true,"showImageEffects":true,"showParticleSystems":true},"in2DMode":false,"pivot":{"x":0.08914703130722046,"y":-1.1395354270935059,"z":1.2908406257629395},"rotation":{"x":-0.45001816749572756,"y":-0.008843468502163887,"z":0.0044567477889359,"w":-0.8929645419120789},"size":7.7595343589782719,"orthographic":false}