{"cameraMode":{"drawMode":0,"name":"Shaded","section":"Shading Mode"},"sceneLighting":true,"audioPlay":false,"sceneViewState":{"showFog":true,"showMaterialUpdate":false,"showSkybox":true,"showFlares":true,"showImageEffects":true,"showParticleSystems":true},"in2DMode":false,"pivot":{"x":9.924370765686036,"y":2.7691047191619875,"z":7.090062141418457},"rotation":{"x":-0.09717907756567002,"y":0.8626577258110046,"z":-0.18144631385803224,"w":-0.4620121121406555},"size":7.971343040466309,"orthographic":false}