{"cameraMode":{"drawMode":0,"name":"Shaded","section":"Shading Mode"},"sceneLighting":false,"audioPlay":false,"sceneViewState":{"showFog":true,"showMaterialUpdate":false,"showSkybox":true,"showFlares":true,"showImageEffects":true,"showParticleSystems":true},"in2DMode":false,"pivot":{"x":-0.10866594314575196,"y":-1.5657951831817628,"z":0.4151115417480469},"rotation":{"x":-0.7161450982093811,"y":0.006698143668472767,"z":-0.006872879341244698,"w":-0.6978855133056641},"size":11.496726036071778,"orthographic":true}