{"cameraMode":{"drawMode":0,"name":"Shaded","section":"Shading Mode"},"sceneLighting":false,"audioPlay":false,"sceneViewState":{"showFog":true,"showMaterialUpdate":false,"showSkybox":true,"showFlares":true,"showImageEffects":true,"showParticleSystems":true},"in2DMode":false,"pivot":{"x":-0.37545642256736758,"y":-6.392004489898682,"z":-1.4050003290176392},"rotation":{"x":-0.6755967736244202,"y":0.012163014151155949,"z":-0.011148295365273953,"w":-0.7370867729187012},"size":13.51235294342041,"orthographic":true}