{"cameraMode":{"drawMode":0,"name":"Shaded","section":"Shading Mode"},"sceneLighting":false,"audioPlay":false,"sceneViewState":{"showFog":true,"showMaterialUpdate":false,"showSkybox":true,"showFlares":true,"showImageEffects":true,"showParticleSystems":true},"in2DMode":false,"pivot":{"x":0.28304776549339297,"y":-0.7517294883728027,"z":1.9069435596466065},"rotation":{"x":-0.41346192359924319,"y":-0.014479182660579682,"z":0.006575908977538347,"w":-0.9103825688362122},"size":7.2265520095825199,"orthographic":false}