{"cameraMode":{"drawMode":0,"name":"Shaded","section":"Shading Mode"},"sceneLighting":false,"audioPlay":false,"sceneViewState":{"showFog":true,"showMaterialUpdate":false,"showSkybox":true,"showFlares":true,"showImageEffects":true,"showParticleSystems":true},"in2DMode":false,"pivot":{"x":-0.009570429101586342,"y":-0.7494001388549805,"z":1.6919286251068116},"rotation":{"x":-0.46338286995887759,"y":-0.0021295787300914528,"z":0.001113584847189486,"w":-0.8861549496650696},"size":7.181550979614258,"orthographic":false}