{"cameraMode":{"drawMode":0,"name":"Shaded","section":"Shading Mode"},"sceneLighting":false,"audioPlay":false,"sceneViewState":{"showFog":true,"showMaterialUpdate":false,"showSkybox":true,"showFlares":true,"showImageEffects":true,"showParticleSystems":true},"in2DMode":false,"pivot":{"x":-0.2569243013858795,"y":-4.8009819984436039,"z":1.914276123046875},"rotation":{"x":-0.4010607600212097,"y":-0.02280886285007,"z":0.00998974684625864,"w":-0.9157130122184753},"size":9.516983985900879,"orthographic":false}