{"cameraMode":{"drawMode":0,"name":"Shaded","section":"Shading Mode"},"sceneLighting":false,"audioPlay":false,"sceneViewState":{"showFog":true,"showMaterialUpdate":false,"showSkybox":true,"showFlares":true,"showImageEffects":true,"showParticleSystems":true},"in2DMode":false,"pivot":{"x":-0.15031087398529054,"y":-1.5657951831817628,"z":-0.21547329425811768},"rotation":{"x":-0.17637838423252107,"y":-0.006794875953346491,"z":0.0012175862211734057,"w":-0.9842982292175293},"size":6.133471965789795,"orthographic":false}