{"cameraMode":{"drawMode":0,"name":"Shaded","section":"Shading Mode"},"sceneLighting":false,"audioPlay":false,"sceneViewState":{"showFog":true,"showMaterialUpdate":false,"showSkybox":true,"showFlares":true,"showImageEffects":true,"showParticleSystems":true},"in2DMode":false,"pivot":{"x":-0.6449613571166992,"y":0.16642548143863679,"z":0.1758679300546646},"rotation":{"x":-0.21465852856636048,"y":0.5375527739524841,"z":-0.14375519752502442,"w":-0.8026787638664246},"size":5.8316521644592289,"orthographic":false}