{"cameraMode":{"drawMode":0,"name":"Shaded","section":"Shading Mode"},"sceneLighting":false,"audioPlay":false,"sceneViewState":{"showFog":true,"showMaterialUpdate":false,"showSkybox":true,"showFlares":true,"showImageEffects":true,"showParticleSystems":true},"in2DMode":false,"pivot":{"x":-0.07184378802776337,"y":-1.3177118301391602,"z":1.2593843936920167},"rotation":{"x":-0.44868531823158266,"y":0.0072359307669103149,"z":-0.0036330148577690126,"w":-0.893653154373169},"size":7.584296703338623,"orthographic":false}