{"cameraMode":{"drawMode":0,"name":"Shaded","section":"Shading Mode"},"sceneLighting":false,"audioPlay":false,"sceneViewState":{"showFog":true,"showMaterialUpdate":false,"showSkybox":true,"showFlares":true,"showImageEffects":true,"showParticleSystems":true},"in2DMode":false,"pivot":{"x":0.001044008880853653,"y":-3.830362319946289,"z":0.496334433555603},"rotation":{"x":-0.6894216537475586,"y":-0.011517939157783986,"z":0.010965150780975819,"w":-0.7241857051849365},"size":12.808175086975098,"orthographic":false}