{"cameraMode":{"drawMode":0,"name":"Shaded","section":"Shading Mode"},"sceneLighting":false,"audioPlay":false,"sceneViewState":{"showFog":true,"showMaterialUpdate":false,"showSkybox":true,"showFlares":true,"showImageEffects":true,"showParticleSystems":true},"in2DMode":false,"pivot":{"x":-0.38286471366882326,"y":0.135894775390625,"z":0.110870361328125},"rotation":{"x":-0.5345314145088196,"y":0.028382569551467897,"z":-0.017965327948331834,"w":-0.8444808125495911},"size":9.51175308227539,"orthographic":false}